t,P,T
2020-07-01 01:00:00-07:00,3.61584,15.2
2020-07-01 02:00:00-07:00,3.96148,14.2
2020-07-01 03:00:00-07:00,4.60248,13.2
2020-07-01 04:00:00-07:00,5.39665,12.1
2020-07-01 05:00:00-07:00,6.13824,11.1
2020-07-01 06:00:00-07:00,7.21965,11.8
2020-07-01 07:00:00-07:00,8.23498,12.6
2020-07-01 08:00:00-07:00,8.3191,13.3
2020-07-01 09:00:00-07:00,7.65306,15.0
2020-07-01 10:00:00-07:00,15.6957,16.6
2020-07-01 11:00:00-07:00,16.484,18.3
2020-07-01 12:00:00-07:00,16.8577,18.1
2020-07-01 13:00:00-07:00,17.1181,18.0
2020-07-01 14:00:00-07:00,17.0889,17.8
2020-07-01 15:00:00-07:00,16.3145,17.8
2020-07-01 16:00:00-07:00,14.8583,17.8
2020-07-01 17:00:00-07:00,13.2005,17.8
2020-07-01 18:00:00-07:00,3.30962,16.5
2020-07-01 19:00:00-07:00,3.51387,15.2
2020-07-01 20:00:00-07:00,4.17013,13.9
2020-07-01 21:00:00-07:00,4.4517,13.5
2020-07-01 22:00:00-07:00,4.15648,13.2
2020-07-01 23:00:00-07:00,4.00589,12.8
2020-07-02 00:00:00-07:00,3.92204,12.8
2020-07-02 01:00:00-07:00,3.93438,12.8
2020-07-02 02:00:00-07:00,4.14718,12.8
2020-07-02 03:00:00-07:00,4.68193,12.6
2020-07-02 04:00:00-07:00,5.35698,12.4
2020-07-02 05:00:00-07:00,5.99297,12.2
2020-07-02 06:00:00-07:00,7.07478,12.9
2020-07-02 07:00:00-07:00,8.36241,13.7
2020-07-02 08:00:00-07:00,8.36463,14.4
2020-07-02 09:00:00-07:00,7.68132,15.9
2020-07-02 10:00:00-07:00,15.821,17.4
2020-07-02 11:00:00-07:00,16.573,18.9
2020-07-02 12:00:00-07:00,17.0254,19.3
2020-07-02 13:00:00-07:00,17.332,19.6
2020-07-02 14:00:00-07:00,17.3752,20.0
2020-07-02 15:00:00-07:00,16.5109,19.3
2020-07-02 16:00:00-07:00,14.9518,18.5
2020-07-02 17:00:00-07:00,13.211,17.8
2020-07-02 18:00:00-07:00,3.32882,16.5
2020-07-02 19:00:00-07:00,3.61062,15.2
2020-07-02 20:00:00-07:00,4.2219,13.9
2020-07-02 21:00:00-07:00,4.5322,13.5
2020-07-02 22:00:00-07:00,4.15648,13.2
2020-07-02 23:00:00-07:00,4.00589,12.8
2020-07-03 00:00:00-07:00,3.92204,12.8
2020-07-03 01:00:00-07:00,3.93438,12.8
2020-07-03 02:00:00-07:00,4.14718,12.8
2020-07-03 03:00:00-07:00,4.62895,13.0
2020-07-03 04:00:00-07:00,5.26448,13.1
2020-07-03 05:00:00-07:00,5.84785,13.3
2020-07-03 06:00:00-07:00,7.03588,13.3
2020-07-03 07:00:00-07:00,8.51511,13.3
2020-07-03 08:00:00-07:00,9.09543,13.3
2020-07-03 09:00:00-07:00,9.32304,13.9
2020-07-03 10:00:00-07:00,18.1475,14.4
2020-07-03 11:00:00-07:00,15.9365,15.0
2020-07-03 12:00:00-07:00,16.1454,15.6
2020-07-03 13:00:00-07:00,16.1342,16.1
2020-07-03 14:00:00-07:00,17.764,16.7
2020-07-03 15:00:00-07:00,15.7632,16.5
2020-07-03 16:00:00-07:00,14.0487,16.3
2020-07-03 17:00:00-07:00,13.4499,16.1
2020-07-03 18:00:00-07:00,4.51418,15.4
2020-07-03 19:00:00-07:00,4.22837,14.6
2020-07-03 20:00:00-07:00,4.68019,13.9
2020-07-03 21:00:00-07:00,4.4517,13.5
2020-07-03 22:00:00-07:00,4.15648,13.2
2020-07-03 23:00:00-07:00,4.00589,12.8
2020-07-04 00:00:00-07:00,3.9373,12.6
2020-07-04 01:00:00-07:00,3.96138,12.4
2020-07-04 02:00:00-07:00,4.00418,12.2
2020-07-04 03:00:00-07:00,4.07779,12.4
2020-07-04 04:00:00-07:00,4.34324,12.6
2020-07-04 05:00:00-07:00,4.59101,12.8
2020-07-04 06:00:00-07:00,5.32699,13.2
2020-07-04 07:00:00-07:00,5.9025,13.5
2020-07-04 08:00:00-07:00,5.36766,13.9
2020-07-04 09:00:00-07:00,5.6664,15.2
2020-07-04 10:00:00-07:00,13.208,16.5
2020-07-04 11:00:00-07:00,13.5046,17.8
2020-07-04 12:00:00-07:00,13.8625,18.5
2020-07-04 13:00:00-07:00,14.1933,19.3
2020-07-04 14:00:00-07:00,14.3735,20.0
2020-07-04 15:00:00-07:00,13.8122,19.6
2020-07-04 16:00:00-07:00,12.8516,19.3
2020-07-04 17:00:00-07:00,11.3294,18.9
2020-07-04 18:00:00-07:00,2.0948,17.8
2020-07-04 19:00:00-07:00,2.43268,16.7
2020-07-04 20:00:00-07:00,3.47285,15.6
2020-07-04 21:00:00-07:00,3.97995,15.6
2020-07-04 22:00:00-07:00,3.75403,15.6
2020-07-04 23:00:00-07:00,3.60974,15.6
2020-07-05 00:00:00-07:00,3.65844,14.7
2020-07-05 01:00:00-07:00,3.78866,13.7
2020-07-05 02:00:00-07:00,3.92443,12.8
2020-07-05 03:00:00-07:00,4.07779,12.4
2020-07-05 04:00:00-07:00,4.4096,12.1
2020-07-05 05:00:00-07:00,4.73686,11.7
2020-07-05 06:00:00-07:00,5.45922,12.2
2020-07-05 07:00:00-07:00,5.84765,12.8
2020-07-05 08:00:00-07:00,4.87858,13.3
2020-07-05 09:00:00-07:00,4.78078,14.4
2020-07-05 10:00:00-07:00,12.7238,15.6
2020-07-05 11:00:00-07:00,13.3469,16.7
2020-07-05 12:00:00-07:00,13.7062,16.9
2020-07-05 13:00:00-07:00,14.0186,17.0
2020-07-05 14:00:00-07:00,14.0684,17.2
2020-07-05 15:00:00-07:00,13.567,17.0
2020-07-05 16:00:00-07:00,12.606,16.9
2020-07-05 17:00:00-07:00,11.0404,16.7
2020-07-05 18:00:00-07:00,1.68273,16.3
2020-07-05 19:00:00-07:00,2.08272,16.0
2020-07-05 20:00:00-07:00,3.0396,15.6
2020-07-05 21:00:00-07:00,3.8722,15.4
2020-07-05 22:00:00-07:00,3.80701,15.2
2020-07-05 23:00:00-07:00,3.68926,15.0
2020-07-06 00:00:00-07:00,3.70957,14.4
2020-07-06 01:00:00-07:00,3.78828,13.9
2020-07-06 02:00:00-07:00,4.08083,13.3
2020-07-06 03:00:00-07:00,4.61571,13.1
2020-07-06 04:00:00-07:00,5.27769,13.0
2020-07-06 05:00:00-07:00,5.91379,12.8
2020-07-06 06:00:00-07:00,7.02213,13.3
2020-07-06 07:00:00-07:00,8.45407,13.9
2020-07-06 08:00:00-07:00,8.47619,14.4
2020-07-06 09:00:00-07:00,7.6313,15.3
2020-07-06 10:00:00-07:00,15.6921,16.3
2020-07-06 11:00:00-07:00,16.3611,17.2
2020-07-06 12:00:00-07:00,16.8965,18.3
2020-07-06 13:00:00-07:00,17.3252,19.5
2020-07-06 14:00:00-07:00,17.4707,20.6
2020-07-06 15:00:00-07:00,16.6415,20.2
2020-07-06 16:00:00-07:00,15.1365,19.8
2020-07-06 17:00:00-07:00,13.4299,19.4
2020-07-06 18:00:00-07:00,3.67416,18.1
2020-07-06 19:00:00-07:00,3.87782,16.9
2020-07-06 20:00:00-07:00,4.0575,15.6
2020-07-06 21:00:00-07:00,4.26665,15.4
2020-07-06 22:00:00-07:00,3.89133,15.2
2020-07-06 23:00:00-07:00,3.71392,15.0
2020-07-07 00:00:00-07:00,3.70957,14.4
2020-07-07 01:00:00-07:00,3.78828,13.9
2020-07-07 02:00:00-07:00,4.08083,13.3
2020-07-07 03:00:00-07:00,4.6422,12.9
2020-07-07 04:00:00-07:00,5.33055,12.6
2020-07-07 05:00:00-07:00,5.99297,12.2
2020-07-07 06:00:00-07:00,7.10167,12.8
2020-07-07 07:00:00-07:00,8.53395,13.3
2020-07-07 08:00:00-07:00,9.41177,13.9
2020-07-07 09:00:00-07:00,9.36818,14.3
2020-07-07 10:00:00-07:00,17.1723,14.6
2020-07-07 11:00:00-07:00,17.912,15.0
2020-07-07 12:00:00-07:00,15.9639,16.1
2020-07-07 13:00:00-07:00,16.4619,17.2
2020-07-07 14:00:00-07:00,16.9151,18.3
2020-07-07 15:00:00-07:00,16.1712,18.5
2020-07-07 16:00:00-07:00,14.754,18.7
2020-07-07 17:00:00-07:00,13.1268,18.9
2020-07-07 18:00:00-07:00,4.45647,17.8
2020-07-07 19:00:00-07:00,4.31853,16.7
2020-07-07 20:00:00-07:00,4.88069,15.6
2020-07-07 21:00:00-07:00,4.15916,15.6
2020-07-07 22:00:00-07:00,3.83836,15.6
2020-07-07 23:00:00-07:00,3.63441,15.6
2020-07-08 00:00:00-07:00,3.60347,15.2
2020-07-08 01:00:00-07:00,3.66887,14.8
2020-07-08 02:00:00-07:00,3.93497,14.4
2020-07-08 03:00:00-07:00,4.47016,14.2
2020-07-08 04:00:00-07:00,5.13244,14.1
2020-07-08 05:00:00-07:00,5.76876,13.9
2020-07-08 06:00:00-07:00,6.93068,14.1
2020-07-08 07:00:00-07:00,8.72831,14.2
2020-07-08 08:00:00-07:00,9.69891,14.4
2020-07-08 09:00:00-07:00,9.15256,15.2
2020-07-08 10:00:00-07:00,17.4076,15.9
2020-07-08 11:00:00-07:00,15.8564,16.7
2020-07-08 12:00:00-07:00,16.6118,18.0
2020-07-08 13:00:00-07:00,17.1435,19.3
2020-07-08 14:00:00-07:00,17.4119,20.6
2020-07-08 15:00:00-07:00,16.6666,20.6
2020-07-08 16:00:00-07:00,15.1447,20.6
2020-07-08 17:00:00-07:00,13.486,20.6
2020-07-08 18:00:00-07:00,3.68026,19.8
2020-07-08 19:00:00-07:00,3.9132,19.1
2020-07-08 20:00:00-07:00,3.7936,18.3
2020-07-08 21:00:00-07:00,3.90672,17.4
2020-07-08 22:00:00-07:00,3.7193,16.5
2020-07-08 23:00:00-07:00,3.63441,15.6
2020-07-09 00:00:00-07:00,3.62998,15.0
2020-07-09 01:00:00-07:00,3.70866,14.5
2020-07-09 02:00:00-07:00,4.00125,13.9
2020-07-09 03:00:00-07:00,4.5363,13.7
2020-07-09 04:00:00-07:00,5.21165,13.5
2020-07-09 05:00:00-07:00,5.84785,13.3
2020-07-09 06:00:00-07:00,7.00958,13.5
2020-07-09 07:00:00-07:00,8.47423,13.7
2020-07-09 08:00:00-07:00,9.28429,13.9
2020-07-09 09:00:00-07:00,8.98616,14.6
2020-07-09 10:00:00-07:00,16.8256,15.4
2020-07-09 11:00:00-07:00,16.2451,16.1
2020-07-09 12:00:00-07:00,16.3533,17.0
2020-07-09 13:00:00-07:00,16.5057,18.0
2020-07-09 14:00:00-07:00,16.9307,18.9
2020-07-09 15:00:00-07:00,16.4543,18.9
2020-07-09 16:00:00-07:00,15.0083,18.9
2020-07-09 17:00:00-07:00,13.3772,18.9
2020-07-09 18:00:00-07:00,3.35121,18.0
2020-07-09 19:00:00-07:00,3.54407,17.0
2020-07-09 20:00:00-07:00,3.6152,16.1
2020-07-09 21:00:00-07:00,4.14552,15.5
2020-07-09 22:00:00-07:00,3.91782,15.0
2020-07-09 23:00:00-07:00,3.79348,14.4
2020-07-10 00:00:00-07:00,3.76266,14.0
2020-07-10 01:00:00-07:00,3.81483,13.7
2020-07-10 02:00:00-07:00,4.08083,13.3
2020-07-10 03:00:00-07:00,4.6422,12.9
2020-07-10 04:00:00-07:00,5.33055,12.6
2020-07-10 05:00:00-07:00,5.99297,12.2
2020-07-10 06:00:00-07:00,7.0622,13.1
2020-07-10 07:00:00-07:00,8.42482,14.1
2020-07-10 08:00:00-07:00,8.36893,15.0
2020-07-10 09:00:00-07:00,7.73126,16.9
2020-07-10 10:00:00-07:00,16.0179,18.7
2020-07-10 11:00:00-07:00,16.8207,20.6
2020-07-10 12:00:00-07:00,17.1728,20.2
2020-07-10 13:00:00-07:00,17.394,19.8
2020-07-10 14:00:00-07:00,17.3322,19.4
2020-07-10 15:00:00-07:00,16.5377,19.2
2020-07-10 16:00:00-07:00,15.0743,19.1
2020-07-10 17:00:00-07:00,13.4023,18.9
2020-07-10 18:00:00-07:00,3.33955,18.3
2020-07-10 19:00:00-07:00,3.62961,17.8
2020-07-10 20:00:00-07:00,3.5852,17.2
2020-07-10 21:00:00-07:00,3.9861,16.7
2020-07-10 22:00:00-07:00,3.7722,16.1
2020-07-10 23:00:00-07:00,3.63441,15.6
2020-07-11 00:00:00-07:00,3.59213,15.2
2020-07-11 01:00:00-07:00,3.64267,14.8
2020-07-11 02:00:00-07:00,3.71197,14.4
2020-07-11 03:00:00-07:00,3.86535,14.0
2020-07-11 04:00:00-07:00,4.19735,13.7
2020-07-11 05:00:00-07:00,4.52476,13.3
2020-07-11 06:00:00-07:00,5.26093,13.7
2020-07-11 07:00:00-07:00,5.97147,14.0
2020-07-11 08:00:00-07:00,5.94813,14.4
2020-07-11 09:00:00-07:00,6.25815,15.7
2020-07-11 10:00:00-07:00,15.6283,17.0
2020-07-11 11:00:00-07:00,13.8084,18.3
2020-07-11 12:00:00-07:00,13.6703,18.9
2020-07-11 13:00:00-07:00,13.9638,19.4
2020-07-11 14:00:00-07:00,14.1788,20.0
2020-07-11 15:00:00-07:00,13.6991,20.0
2020-07-11 16:00:00-07:00,12.7529,20.0
2020-07-11 17:00:00-07:00,11.285,20.0
2020-07-11 18:00:00-07:00,2.47428,18.7
2020-07-11 19:00:00-07:00,3.09717,17.4
2020-07-11 20:00:00-07:00,3.73149,16.1
2020-07-11 21:00:00-07:00,4.00649,15.4
2020-07-11 22:00:00-07:00,3.88653,14.6
2020-07-11 23:00:00-07:00,3.83518,13.9
2020-07-12 00:00:00-07:00,3.7646,13.9
2020-07-12 01:00:00-07:00,3.7621,13.9
2020-07-12 02:00:00-07:00,3.77833,13.9
2020-07-12 03:00:00-07:00,3.85208,14.1
2020-07-12 04:00:00-07:00,4.13109,14.2
2020-07-12 05:00:00-07:00,4.37914,14.4
2020-07-12 06:00:00-07:00,5.1949,14.2
2020-07-12 07:00:00-07:00,6.01256,14.1
2020-07-12 08:00:00-07:00,5.94894,13.9
2020-07-12 09:00:00-07:00,5.38226,15.2
2020-07-12 10:00:00-07:00,13.0296,16.5
2020-07-12 11:00:00-07:00,13.4545,17.8
2020-07-12 12:00:00-07:00,14.1522,20.8
2020-07-12 13:00:00-07:00,14.9095,23.7
2020-07-12 14:00:00-07:00,15.2975,26.7
2020-07-12 15:00:00-07:00,14.5983,25.0
2020-07-12 16:00:00-07:00,13.4348,23.4
2020-07-12 17:00:00-07:00,11.7472,21.7
2020-07-12 18:00:00-07:00,2.19651,20.0
2020-07-12 19:00:00-07:00,2.39782,18.4
2020-07-12 20:00:00-07:00,3.02935,16.7
2020-07-12 21:00:00-07:00,3.85934,15.9
2020-07-12 22:00:00-07:00,3.80701,15.2
2020-07-12 23:00:00-07:00,3.76883,14.4
2020-07-13 00:00:00-07:00,3.77593,13.9
2020-07-13 01:00:00-07:00,3.86795,13.3
2020-07-13 02:00:00-07:00,4.14718,12.8
2020-07-13 03:00:00-07:00,4.68193,12.6
2020-07-13 04:00:00-07:00,5.35698,12.4
2020-07-13 05:00:00-07:00,5.99297,12.2
2020-07-13 06:00:00-07:00,7.03588,13.3
2020-07-13 07:00:00-07:00,8.52437,14.5
2020-07-13 08:00:00-07:00,8.59517,15.6
2020-07-13 09:00:00-07:00,7.87871,16.9
2020-07-13 10:00:00-07:00,15.8977,18.1
2020-07-13 11:00:00-07:00,16.6217,19.4
2020-07-13 12:00:00-07:00,17.1045,20.0
2020-07-13 13:00:00-07:00,17.4459,20.5
2020-07-13 14:00:00-07:00,17.5174,21.1
2020-07-13 15:00:00-07:00,16.6593,20.4
2020-07-13 16:00:00-07:00,15.1082,19.6
2020-07-13 17:00:00-07:00,13.3689,18.9
2020-07-13 18:00:00-07:00,3.38236,17.8
2020-07-13 19:00:00-07:00,3.59083,16.7
2020-07-13 20:00:00-07:00,3.81129,15.6
2020-07-13 21:00:00-07:00,4.26545,14.8
2020-07-13 22:00:00-07:00,4.03709,14.1
2020-07-13 23:00:00-07:00,3.93948,13.3
2020-07-14 00:00:00-07:00,3.88218,13.1
2020-07-14 01:00:00-07:00,3.9078,13.0
2020-07-14 02:00:00-07:00,4.14718,12.8
2020-07-14 03:00:00-07:00,4.70842,12.4
2020-07-14 04:00:00-07:00,5.39665,12.1
2020-07-14 05:00:00-07:00,6.05898,11.7
2020-07-14 06:00:00-07:00,7.10167,12.8
2020-07-14 07:00:00-07:00,8.53815,13.9
2020-07-14 08:00:00-07:00,8.81735,15.0
2020-07-14 09:00:00-07:00,8.10003,16.5
2020-07-14 10:00:00-07:00,15.8214,17.9
2020-07-14 11:00:00-07:00,16.5755,19.4
2020-07-14 12:00:00-07:00,17.1302,20.5
2020-07-14 13:00:00-07:00,17.5739,21.7
2020-07-14 14:00:00-07:00,17.7154,22.8
2020-07-14 15:00:00-07:00,16.9121,22.6
2020-07-14 16:00:00-07:00,15.4349,22.4
2020-07-14 17:00:00-07:00,13.7618,22.2
2020-07-14 18:00:00-07:00,3.86292,20.5
2020-07-14 19:00:00-07:00,4.04217,18.9
2020-07-14 20:00:00-07:00,3.78235,17.2
2020-07-14 21:00:00-07:00,4.13329,16.1
2020-07-14 22:00:00-07:00,3.91782,15.0
2020-07-14 23:00:00-07:00,3.85982,13.9
2020-07-15 00:00:00-07:00,3.80249,13.7
2020-07-15 01:00:00-07:00,3.84139,13.5
2020-07-15 02:00:00-07:00,4.08083,13.3
2020-07-15 03:00:00-07:00,4.58924,13.3
2020-07-15 04:00:00-07:00,5.23806,13.3
2020-07-15 05:00:00-07:00,5.84785,13.3
2020-07-15 06:00:00-07:00,6.98327,13.7
2020-07-15 07:00:00-07:00,8.58889,14.0
2020-07-15 08:00:00-07:00,9.57918,14.4
2020-07-15 09:00:00-07:00,8.94506,15.3
2020-07-15 10:00:00-07:00,16.6092,16.3
2020-07-15 11:00:00-07:00,15.9655,17.2
2020-07-15 12:00:00-07:00,16.6594,18.7
2020-07-15 13:00:00-07:00,17.2132,20.2
2020-07-15 14:00:00-07:00,17.3943,21.7
2020-07-15 15:00:00-07:00,16.5988,20.9
2020-07-15 16:00:00-07:00,15.0547,20.2
2020-07-15 17:00:00-07:00,13.1898,19.4
2020-07-15 18:00:00-07:00,4.17839,18.3
2020-07-15 19:00:00-07:00,4.3463,17.2
2020-07-15 20:00:00-07:00,4.51849,16.1
2020-07-15 21:00:00-07:00,4.25339,15.5
2020-07-15 22:00:00-07:00,3.91782,15.0
2020-07-15 23:00:00-07:00,3.79348,14.4
2020-07-16 00:00:00-07:00,3.76266,14.0
2020-07-16 01:00:00-07:00,3.81483,13.7
2020-07-16 02:00:00-07:00,4.08083,13.3
2020-07-16 03:00:00-07:00,4.56277,13.5
2020-07-16 04:00:00-07:00,5.18524,13.7
2020-07-16 05:00:00-07:00,5.76876,13.9
2020-07-16 06:00:00-07:00,6.86498,14.6
2020-07-16 07:00:00-07:00,8.76486,15.4
2020-07-16 08:00:00-07:00,9.16739,16.1
2020-07-16 09:00:00-07:00,9.09905,17.0
2020-07-16 10:00:00-07:00,18.3723,18.0
2020-07-16 11:00:00-07:00,18.7405,18.9
2020-07-16 12:00:00-07:00,16.4905,19.3
2020-07-16 13:00:00-07:00,17.2249,19.6
2020-07-16 14:00:00-07:00,17.0013,20.0
2020-07-16 15:00:00-07:00,16.4054,19.6
2020-07-16 16:00:00-07:00,14.9182,19.3
2020-07-16 17:00:00-07:00,13.2144,18.9
2020-07-16 18:00:00-07:00,3.74075,18.0
2020-07-16 19:00:00-07:00,4.0057,17.0
2020-07-16 20:00:00-07:00,4.42512,16.1
2020-07-16 21:00:00-07:00,4.22746,15.9
2020-07-16 22:00:00-07:00,3.81189,15.8
2020-07-16 23:00:00-07:00,3.63441,15.6
2020-07-17 00:00:00-07:00,3.57695,15.4
2020-07-17 01:00:00-07:00,3.61584,15.2
2020-07-17 02:00:00-07:00,3.85549,15.0
2020-07-17 03:00:00-07:00,4.36441,15.0
2020-07-17 04:00:00-07:00,5.01373,15.0
2020-07-17 05:00:00-07:00,5.6239,15.0
2020-07-17 06:00:00-07:00,6.78618,15.2
2020-07-17 07:00:00-07:00,8.77421,15.4
2020-07-17 08:00:00-07:00,9.36737,15.6
2020-07-17 09:00:00-07:00,9.89567,16.0
2020-07-17 10:00:00-07:00,17.984,16.3
2020-07-17 11:00:00-07:00,18.4776,16.7
2020-07-17 12:00:00-07:00,16.4315,17.4
2020-07-17 13:00:00-07:00,16.8484,18.2
2020-07-17 14:00:00-07:00,16.5365,18.9
2020-07-17 15:00:00-07:00,16.3325,19.3
2020-07-17 16:00:00-07:00,14.9615,19.6
2020-07-17 17:00:00-07:00,13.3493,20.0
2020-07-17 18:00:00-07:00,3.7531,18.5
2020-07-17 19:00:00-07:00,3.85954,17.1
2020-07-17 20:00:00-07:00,4.00541,15.6
2020-07-17 21:00:00-07:00,4.29317,15.2
2020-07-17 22:00:00-07:00,3.94431,14.8
2020-07-17 23:00:00-07:00,3.79348,14.4
2020-07-18 00:00:00-07:00,3.75133,14.0
2020-07-18 01:00:00-07:00,3.78866,13.7
2020-07-18 02:00:00-07:00,3.858,13.3
2020-07-18 03:00:00-07:00,3.98481,13.1
2020-07-18 04:00:00-07:00,4.29017,13.0
2020-07-18 05:00:00-07:00,4.59101,12.8
2020-07-18 06:00:00-07:00,5.40631,12.6
2020-07-18 07:00:00-07:00,6.29207,12.4
2020-07-18 08:00:00-07:00,6.92496,12.2
2020-07-18 09:00:00-07:00,6.42665,12.6
2020-07-18 10:00:00-07:00,15.0732,12.9
2020-07-18 11:00:00-07:00,15.7481,13.3
2020-07-18 12:00:00-07:00,14.9146,14.4
2020-07-18 13:00:00-07:00,13.0134,15.6
2020-07-18 14:00:00-07:00,13.4418,16.7
2020-07-18 15:00:00-07:00,12.7022,16.5
2020-07-18 16:00:00-07:00,12.182,16.3
2020-07-18 17:00:00-07:00,11.504,16.1
2020-07-18 18:00:00-07:00,2.74299,15.5
2020-07-18 19:00:00-07:00,2.88791,15.0
2020-07-18 20:00:00-07:00,3.8553,14.4
2020-07-18 21:00:00-07:00,4.23266,14.0
2020-07-18 22:00:00-07:00,4.00589,13.7
2020-07-18 23:00:00-07:00,3.91484,13.3
2020-07-19 00:00:00-07:00,3.87085,13.1
2020-07-19 01:00:00-07:00,3.88164,13.0
2020-07-19 02:00:00-07:00,3.92443,12.8
2020-07-19 03:00:00-07:00,4.02465,12.8
2020-07-19 04:00:00-07:00,4.31671,12.8
2020-07-19 05:00:00-07:00,4.59101,12.8
2020-07-19 06:00:00-07:00,5.37987,12.8
2020-07-19 07:00:00-07:00,6.22551,12.8
2020-07-19 08:00:00-07:00,6.88561,12.8
2020-07-19 09:00:00-07:00,6.09837,13.9
2020-07-19 10:00:00-07:00,15.9619,15.0
2020-07-19 11:00:00-07:00,14.228,16.1
2020-07-19 12:00:00-07:00,13.5654,16.7
2020-07-19 13:00:00-07:00,13.89,17.2
2020-07-19 14:00:00-07:00,14.0882,17.8
2020-07-19 15:00:00-07:00,13.5805,17.6
2020-07-19 16:00:00-07:00,12.6127,17.4
2020-07-19 17:00:00-07:00,11.1217,17.2
2020-07-19 18:00:00-07:00,1.94771,16.7
2020-07-19 19:00:00-07:00,2.29737,16.1
2020-07-19 20:00:00-07:00,3.42127,15.6
2020-07-19 21:00:00-07:00,4.07269,14.8
2020-07-19 22:00:00-07:00,3.95283,14.1
2020-07-19 23:00:00-07:00,3.91484,13.3
2020-07-20 00:00:00-07:00,3.88218,13.1
2020-07-20 01:00:00-07:00,3.9078,13.0
2020-07-20 02:00:00-07:00,4.14718,12.8
2020-07-20 03:00:00-07:00,4.68193,12.6
2020-07-20 04:00:00-07:00,5.35698,12.4
2020-07-20 05:00:00-07:00,5.99297,12.2
2020-07-20 06:00:00-07:00,7.10167,12.8
2020-07-20 07:00:00-07:00,8.58115,13.3
2020-07-20 08:00:00-07:00,9.63245,13.9
2020-07-20 09:00:00-07:00,8.81843,14.8
2020-07-20 10:00:00-07:00,15.7179,15.8
2020-07-20 11:00:00-07:00,16.1346,16.7
2020-07-20 12:00:00-07:00,16.6256,17.4
2020-07-20 13:00:00-07:00,16.9008,18.2
2020-07-20 14:00:00-07:00,17.2057,18.9
2020-07-20 15:00:00-07:00,16.4323,18.7
2020-07-20 16:00:00-07:00,14.9246,18.5
2020-07-20 17:00:00-07:00,13.2802,18.3
2020-07-20 18:00:00-07:00,3.35605,17.4
2020-07-20 19:00:00-07:00,3.57127,16.5
2020-07-20 20:00:00-07:00,3.83706,15.6
2020-07-20 21:00:00-07:00,4.25232,15.0
2020-07-20 22:00:00-07:00,3.98407,14.5
2020-07-20 23:00:00-07:00,3.85982,13.9
2020-07-21 00:00:00-07:00,3.85561,13.3
2020-07-21 01:00:00-07:00,3.93438,12.8
2020-07-21 02:00:00-07:00,4.22685,12.2
2020-07-21 03:00:00-07:00,4.68193,12.6
2020-07-21 04:00:00-07:00,5.2909,12.9
2020-07-21 05:00:00-07:00,5.84785,13.3
2020-07-21 06:00:00-07:00,6.98327,13.7
2020-07-21 07:00:00-07:00,8.47665,14.0
2020-07-21 08:00:00-07:00,8.46758,14.4
2020-07-21 09:00:00-07:00,7.60261,14.8
2020-07-21 10:00:00-07:00,15.5215,15.2
2020-07-21 11:00:00-07:00,16.1311,15.6
2020-07-21 12:00:00-07:00,16.6284,16.3
2020-07-21 13:00:00-07:00,17.0107,17.1
2020-07-21 14:00:00-07:00,17.0931,17.8
2020-07-21 15:00:00-07:00,16.3009,17.6
2020-07-21 16:00:00-07:00,14.8269,17.4
2020-07-21 17:00:00-07:00,13.1516,17.2
2020-07-21 18:00:00-07:00,3.19561,16.5
2020-07-21 19:00:00-07:00,3.44928,15.7
2020-07-21 20:00:00-07:00,3.91823,15.0
2020-07-21 21:00:00-07:00,4.34548,14.4
2020-07-21 22:00:00-07:00,4.06362,13.9
2020-07-21 23:00:00-07:00,3.93948,13.3
2020-07-22 00:00:00-07:00,3.88218,13.1
2020-07-22 01:00:00-07:00,3.9078,13.0
2020-07-22 02:00:00-07:00,4.14718,12.8
2020-07-22 03:00:00-07:00,4.73492,12.2
2020-07-22 04:00:00-07:00,5.44955,11.7
2020-07-22 05:00:00-07:00,6.13824,11.1
2020-07-22 06:00:00-07:00,7.207,12.0
2020-07-22 07:00:00-07:00,8.33471,13.0
2020-07-22 08:00:00-07:00,8.42595,13.9
2020-07-22 09:00:00-07:00,7.70715,15.4
2020-07-22 10:00:00-07:00,15.726,16.8
2020-07-22 11:00:00-07:00,16.484,18.3
2020-07-22 12:00:00-07:00,17.1565,20.3
2020-07-22 13:00:00-07:00,17.7079,22.4
2020-07-22 14:00:00-07:00,17.9677,24.4
2020-07-22 15:00:00-07:00,17.0608,23.3
2020-07-22 16:00:00-07:00,15.4654,22.2
2020-07-22 17:00:00-07:00,13.6663,21.1
2020-07-22 18:00:00-07:00,3.6351,19.8
2020-07-22 19:00:00-07:00,3.98079,18.5
2020-07-22 20:00:00-07:00,3.76498,17.2
2020-07-22 21:00:00-07:00,4.12089,16.5
2020-07-22 22:00:00-07:00,3.82513,15.7
2020-07-22 23:00:00-07:00,3.71392,15.0
2020-07-23 00:00:00-07:00,3.68304,14.6
2020-07-23 01:00:00-07:00,3.7352,14.3
2020-07-23 02:00:00-07:00,4.00125,13.9
2020-07-23 03:00:00-07:00,4.50984,13.9
2020-07-23 04:00:00-07:00,5.15884,13.9
2020-07-23 05:00:00-07:00,5.76876,13.9
2020-07-23 06:00:00-07:00,6.93068,14.1
2020-07-23 07:00:00-07:00,8.61536,14.2
2020-07-23 08:00:00-07:00,8.87712,14.4
2020-07-23 09:00:00-07:00,8.50814,15.7
2020-07-23 10:00:00-07:00,16.5004,17.0
2020-07-23 11:00:00-07:00,16.3688,18.3
2020-07-23 12:00:00-07:00,16.9314,19.4
2020-07-23 13:00:00-07:00,17.3097,20.6
2020-07-23 14:00:00-07:00,17.4574,21.7
2020-07-23 15:00:00-07:00,16.604,21.1
2020-07-23 16:00:00-07:00,15.2118,20.6
2020-07-23 17:00:00-07:00,13.4851,20.0
2020-07-23 18:00:00-07:00,3.64097,18.9
2020-07-23 19:00:00-07:00,3.81954,17.8
2020-07-23 20:00:00-07:00,3.79179,16.7
2020-07-23 21:00:00-07:00,4.15981,15.9
2020-07-23 22:00:00-07:00,3.89133,15.2
2020-07-23 23:00:00-07:00,3.79348,14.4
2020-07-24 00:00:00-07:00,3.76266,14.0
2020-07-24 01:00:00-07:00,3.81483,13.7
2020-07-24 02:00:00-07:00,4.08083,13.3
2020-07-24 03:00:00-07:00,4.6422,12.9
2020-07-24 04:00:00-07:00,5.33055,12.6
2020-07-24 05:00:00-07:00,5.99297,12.2
2020-07-24 06:00:00-07:00,7.15433,12.4
2020-07-24 07:00:00-07:00,8.43202,12.6
2020-07-24 08:00:00-07:00,9.38454,12.8
2020-07-24 09:00:00-07:00,8.2394,14.5
2020-07-24 10:00:00-07:00,15.5135,16.1
2020-07-24 11:00:00-07:00,16.3977,17.8
2020-07-24 12:00:00-07:00,16.952,18.9
2020-07-24 13:00:00-07:00,17.3677,20.0
2020-07-24 14:00:00-07:00,17.5027,21.1
2020-07-24 15:00:00-07:00,16.6551,20.4
2020-07-24 16:00:00-07:00,15.0998,19.6
2020-07-24 17:00:00-07:00,13.3647,18.9
2020-07-24 18:00:00-07:00,3.38193,17.6
2020-07-24 19:00:00-07:00,3.72162,16.3
2020-07-24 20:00:00-07:00,4.06045,15.0
2020-07-24 21:00:00-07:00,4.3991,14.3
2020-07-24 22:00:00-07:00,4.11667,13.5
2020-07-24 23:00:00-07:00,4.00589,12.8
2020-07-25 00:00:00-07:00,3.91072,12.8
2020-07-25 01:00:00-07:00,3.90821,12.8
2020-07-25 02:00:00-07:00,3.92443,12.8
2020-07-25 03:00:00-07:00,4.05122,12.6
2020-07-25 04:00:00-07:00,4.36978,12.4
2020-07-25 05:00:00-07:00,4.67055,12.2
2020-07-25 06:00:00-07:00,5.36665,12.9
2020-07-25 07:00:00-07:00,5.83541,13.7
2020-07-25 08:00:00-07:00,5.26709,14.4
2020-07-25 09:00:00-07:00,4.82817,15.9
2020-07-25 10:00:00-07:00,12.9448,17.4
2020-07-25 11:00:00-07:00,13.6812,18.9
2020-07-25 12:00:00-07:00,14.2183,20.2
2020-07-25 13:00:00-07:00,14.6193,21.5
2020-07-25 14:00:00-07:00,14.805,22.8
2020-07-25 15:00:00-07:00,14.2091,21.9
2020-07-25 16:00:00-07:00,13.1313,20.9
2020-07-25 17:00:00-07:00,11.5429,20.0
2020-07-25 18:00:00-07:00,1.9364,18.1
2020-07-25 19:00:00-07:00,2.10889,16.3
2020-07-25 20:00:00-07:00,3.37898,14.4
2020-07-25 21:00:00-07:00,4.16549,13.9
2020-07-25 22:00:00-07:00,4.05898,13.3
2020-07-25 23:00:00-07:00,3.98126,12.8
2020-07-26 00:00:00-07:00,3.9373,12.6
2020-07-26 01:00:00-07:00,3.96138,12.4
2020-07-26 02:00:00-07:00,4.00418,12.2
2020-07-26 03:00:00-07:00,4.13095,12.0
2020-07-26 04:00:00-07:00,4.43616,11.9
2020-07-26 05:00:00-07:00,4.73686,11.7
2020-07-26 06:00:00-07:00,5.40631,12.6
2020-07-26 07:00:00-07:00,6.07847,13.5
2020-07-26 08:00:00-07:00,6.13647,14.4
2020-07-26 09:00:00-07:00,6.12492,15.7
2020-07-26 10:00:00-07:00,12.9955,17.0
2020-07-26 11:00:00-07:00,13.5404,18.3
2020-07-26 12:00:00-07:00,14.1137,19.8
2020-07-26 13:00:00-07:00,14.3793,21.3
2020-07-26 14:00:00-07:00,14.6496,22.8
2020-07-26 15:00:00-07:00,14.008,21.5
2020-07-26 16:00:00-07:00,12.9648,20.2
2020-07-26 17:00:00-07:00,11.3232,18.9
2020-07-26 18:00:00-07:00,2.02266,17.4
2020-07-26 19:00:00-07:00,2.36101,15.9
2020-07-26 20:00:00-07:00,3.64776,14.4
2020-07-26 21:00:00-07:00,4.24593,13.9
2020-07-26 22:00:00-07:00,4.05898,13.3
2020-07-26 23:00:00-07:00,3.98126,12.8
2020-07-27 00:00:00-07:00,3.92204,12.8
2020-07-27 01:00:00-07:00,3.93438,12.8
2020-07-27 02:00:00-07:00,4.14718,12.8
2020-07-27 03:00:00-07:00,4.65544,12.8
2020-07-27 04:00:00-07:00,5.30412,12.8
2020-07-27 05:00:00-07:00,5.91379,12.8
2020-07-27 06:00:00-07:00,7.00958,13.5
2020-07-27 07:00:00-07:00,8.66615,14.3
2020-07-27 08:00:00-07:00,9.0373,15.0
2020-07-27 09:00:00-07:00,8.41273,16.5
2020-07-27 10:00:00-07:00,15.9326,17.9
2020-07-27 11:00:00-07:00,16.5126,19.4
2020-07-27 12:00:00-07:00,17.0347,20.3
2020-07-27 13:00:00-07:00,17.3406,21.3
2020-07-27 14:00:00-07:00,17.4431,22.2
2020-07-27 15:00:00-07:00,16.5693,21.3
2020-07-27 16:00:00-07:00,15.0593,20.3
2020-07-27 17:00:00-07:00,13.2398,19.4
2020-07-27 18:00:00-07:00,4.02181,18.9
2020-07-27 19:00:00-07:00,4.25888,18.3
2020-07-27 20:00:00-07:00,4.03904,17.8
2020-07-27 21:00:00-07:00,4.12156,16.7
2020-07-27 22:00:00-07:00,3.8516,15.5
2020-07-27 23:00:00-07:00,3.79348,14.4
2020-07-28 00:00:00-07:00,3.76266,14.0
2020-07-28 01:00:00-07:00,3.81483,13.7
2020-07-28 02:00:00-07:00,4.08083,13.3
2020-07-28 03:00:00-07:00,4.58924,13.3
2020-07-28 04:00:00-07:00,5.23806,13.3
2020-07-28 05:00:00-07:00,5.84785,13.3
2020-07-28 06:00:00-07:00,6.98327,13.7
2020-07-28 07:00:00-07:00,8.60768,14.0
2020-07-28 08:00:00-07:00,9.26069,14.4
2020-07-28 09:00:00-07:00,9.69061,15.0
2020-07-28 10:00:00-07:00,16.5669,15.5
2020-07-28 11:00:00-07:00,18.2987,16.1
2020-07-28 12:00:00-07:00,18.104,16.7
2020-07-28 13:00:00-07:00,16.4473,17.2
2020-07-28 14:00:00-07:00,16.814,17.8
2020-07-28 15:00:00-07:00,16.0514,17.6
2020-07-28 16:00:00-07:00,14.6972,17.4
2020-07-28 17:00:00-07:00,12.9953,17.2
2020-07-28 18:00:00-07:00,3.53087,16.3
2020-07-28 19:00:00-07:00,4.27427,15.3
2020-07-28 20:00:00-07:00,4.25844,14.4
2020-07-28 21:00:00-07:00,4.47929,14.0
2020-07-28 22:00:00-07:00,4.09014,13.7
2020-07-28 23:00:00-07:00,3.93948,13.3
2020-07-29 00:00:00-07:00,3.88218,13.1
2020-07-29 01:00:00-07:00,3.9078,13.0
2020-07-29 02:00:00-07:00,4.14718,12.8
2020-07-29 03:00:00-07:00,4.65544,12.8
2020-07-29 04:00:00-07:00,5.30412,12.8
2020-07-29 05:00:00-07:00,5.91379,12.8
2020-07-29 06:00:00-07:00,7.03588,13.3
2020-07-29 07:00:00-07:00,8.65094,13.9
2020-07-29 08:00:00-07:00,9.74517,14.4
2020-07-29 09:00:00-07:00,9.15326,15.9
2020-07-29 10:00:00-07:00,16.1785,17.4
2020-07-29 11:00:00-07:00,16.3843,18.9
2020-07-29 12:00:00-07:00,16.8904,20.0
2020-07-29 13:00:00-07:00,17.1799,21.1
2020-07-29 14:00:00-07:00,17.4599,22.2
2020-07-29 15:00:00-07:00,16.6978,21.8
2020-07-29 16:00:00-07:00,15.1681,21.5
2020-07-29 17:00:00-07:00,13.3883,21.1
2020-07-29 18:00:00-07:00,4.23218,19.6
2020-07-29 19:00:00-07:00,4.41814,18.2
2020-07-29 20:00:00-07:00,4.30477,16.7
2020-07-29 21:00:00-07:00,4.22882,16.3
2020-07-29 22:00:00-07:00,3.78543,16.0
2020-07-29 23:00:00-07:00,3.63441,15.6
2020-07-30 00:00:00-07:00,3.57695,15.4
2020-07-30 01:00:00-07:00,3.61584,15.2
2020-07-30 02:00:00-07:00,3.85549,15.0
2020-07-30 03:00:00-07:00,4.39084,14.8
2020-07-30 04:00:00-07:00,5.06648,14.6
2020-07-30 05:00:00-07:00,5.70289,14.4
2020-07-30 06:00:00-07:00,6.81244,15.0
2020-07-30 07:00:00-07:00,8.7968,15.5
2020-07-30 08:00:00-07:00,9.10568,16.1
2020-07-30 09:00:00-07:00,8.65952,17.0
2020-07-30 10:00:00-07:00,15.7717,18.0
2020-07-30 11:00:00-07:00,16.1938,18.9
2020-07-30 12:00:00-07:00,16.881,19.8
2020-07-30 13:00:00-07:00,17.1595,20.8
2020-07-30 14:00:00-07:00,17.5162,21.7
2020-07-30 15:00:00-07:00,16.6586,21.1
2020-07-30 16:00:00-07:00,15.0441,20.6
2020-07-30 17:00:00-07:00,13.3598,20.0
2020-07-30 18:00:00-07:00,3.87196,19.1
2020-07-30 19:00:00-07:00,4.14678,18.1
2020-07-30 20:00:00-07:00,4.0255,17.2
2020-07-30 21:00:00-07:00,4.13515,16.7
2020-07-30 22:00:00-07:00,3.7722,16.1
2020-07-30 23:00:00-07:00,3.63441,15.6
2020-07-31 00:00:00-07:00,3.52395,15.8
2020-07-31 01:00:00-07:00,3.52309,15.9
2020-07-31 02:00:00-07:00,3.70991,16.1
2020-07-31 03:00:00-07:00,4.24557,15.9
2020-07-31 04:00:00-07:00,4.90832,15.8
2020-07-31 05:00:00-07:00,5.54496,15.6
2020-07-31 06:00:00-07:00,6.8284,15.6
2020-07-31 07:00:00-07:00,8.87561,15.6
2020-07-31 08:00:00-07:00,9.84925,15.6
2020-07-31 09:00:00-07:00,9.8649,16.1
2020-07-31 10:00:00-07:00,18.8216,16.7
2020-07-31 11:00:00-07:00,18.3004,17.2
2020-07-31 12:00:00-07:00,18.242,17.8
2020-07-31 13:00:00-07:00,17.6026,18.3
2020-07-31 14:00:00-07:00,17.6309,18.9
2020-07-31 15:00:00-07:00,17.1222,19.3
2020-07-31 16:00:00-07:00,14.493,19.6
2020-07-31 17:00:00-07:00,15.0101,20.0
2020-07-31 18:00:00-07:00,5.33819,18.9
2020-07-31 19:00:00-07:00,5.46808,17.8
2020-07-31 20:00:00-07:00,4.82946,16.7
2020-07-31 21:00:00-07:00,4.22882,16.3
2020-07-31 22:00:00-07:00,3.78543,16.0
2020-07-31 23:00:00-07:00,3.59467,15.9
2020-08-01 00:00:00-07:00,3.57846,15.7
